{
  "XAvJbvmVPKU": {
    "user_name": "Markus Spiske",
    "user_url": "https://unsplash.com/@markusspiske?utm_source=unsample&utm_medium=referral&utm_campaign=api-credit",
    "photo_url": "https://unsplash.com/photos/XAvJbvmVPKU?utm_source=unsample&utm_medium=referral&utm_campaign=api-credit"
  },
  "YUfdU4wFVIk": {
    "user_name": "Benn McGuinness",
    "user_url": "https://unsplash.com/@blouism_photo?utm_source=unsample&utm_medium=referral&utm_campaign=api-credit",
    "photo_url": "https://unsplash.com/photos/YUfdU4wFVIk?utm_source=unsample&utm_medium=referral&utm_campaign=api-credit"
  },
  "QlvuGE9a_Z4": {
    "user_name": "Zach Vessels",
    "user_url": "https://unsplash.com/@zvessels55?utm_source=unsample&utm_medium=referral&utm_campaign=api-credit",
    "photo_url": "https://unsplash.com/photos/QlvuGE9a_Z4?utm_source=unsample&utm_medium=referral&utm_campaign=api-credit"
  },
  "QylXrDLz5zg": {
    "user_name": "Alex",
    "user_url": "https://unsplash.com/@alx_andru?utm_source=unsample&utm_medium=referral&utm_campaign=api-credit",
    "photo_url": "https://unsplash.com/photos/QylXrDLz5zg?utm_source=unsample&utm_medium=referral&utm_campaign=api-credit"
  },
  "QNtPJD50NPE": {
    "user_name": "𝕷𝖚𝖈𝖗𝖊𝖆𝖙𝖎𝖛𝖊 ⠀⠀⠀⠀⠀⠀⠀",
    "user_url": "https://unsplash.com/@luigiestuye?utm_source=unsample&utm_medium=referral&utm_campaign=api-credit",
    "photo_url": "https://unsplash.com/photos/QNtPJD50NPE?utm_source=unsample&utm_medium=referral&utm_campaign=api-credit"
  },
  "KS_jMm-8Bi0": {
    "user_name": "Benedict Meyer zu Strohe",
    "user_url": "https://unsplash.com/@benemzs?utm_source=unsample&utm_medium=referral&utm_campaign=api-credit",
    "photo_url": "https://unsplash.com/photos/KS_jMm-8Bi0?utm_source=unsample&utm_medium=referral&utm_campaign=api-credit"
  },
  "BPXcH3FkAds": {
    "user_name": "Valya Polishchuk",
    "user_url": "https://unsplash.com/@romanivna13?utm_source=unsample&utm_medium=referral&utm_campaign=api-credit",
    "photo_url": "https://unsplash.com/photos/BPXcH3FkAds?utm_source=unsample&utm_medium=referral&utm_campaign=api-credit"
  },
  "EuZOP9pbYDE": {
    "user_name": "Clu Soh",
    "user_url": "https://unsplash.com/@thexclu?utm_source=unsample&utm_medium=referral&utm_campaign=api-credit",
    "photo_url": "https://unsplash.com/photos/EuZOP9pbYDE?utm_source=unsample&utm_medium=referral&utm_campaign=api-credit"
  },
  "Q_bR6jA8hEE": {
    "user_name": "Jason Tharsiman",
    "user_url": "https://unsplash.com/@brodojon?utm_source=unsample&utm_medium=referral&utm_campaign=api-credit",
    "photo_url": "https://unsplash.com/photos/Q_bR6jA8hEE?utm_source=unsample&utm_medium=referral&utm_campaign=api-credit"
  },
  "WERPqT_E5jE": {
    "user_name": "Ronise daluz",
    "user_url": "https://unsplash.com/@ronisefoodie?utm_source=unsample&utm_medium=referral&utm_campaign=api-credit",
    "photo_url": "https://unsplash.com/photos/WERPqT_E5jE?utm_source=unsample&utm_medium=referral&utm_campaign=api-credit"
  },
  "HJXneUxUoeM": {
    "user_name": "Varun Gaba",
    "user_url": "https://unsplash.com/@varunkgaba?utm_source=unsample&utm_medium=referral&utm_campaign=api-credit",
    "photo_url": "https://unsplash.com/photos/HJXneUxUoeM?utm_source=unsample&utm_medium=referral&utm_campaign=api-credit"
  },
  "cTX8767t9Xc": {
    "user_name": "viklundvisuals",
    "user_url": "https://unsplash.com/@viklundvisuals?utm_source=unsample&utm_medium=referral&utm_campaign=api-credit",
    "photo_url": "https://unsplash.com/photos/cTX8767t9Xc?utm_source=unsample&utm_medium=referral&utm_campaign=api-credit"
  },
  "NONZiS29t5c": {
    "user_name": "Michael Van Kerckhove",
    "user_url": "https://unsplash.com/@micmicpictures2019?utm_source=unsample&utm_medium=referral&utm_campaign=api-credit",
    "photo_url": "https://unsplash.com/photos/NONZiS29t5c?utm_source=unsample&utm_medium=referral&utm_campaign=api-credit"
  },
  "ClCRegiej2A": {
    "user_name": "🇨🇭 Claudio Schwarz | @purzlbaum",
    "user_url": "https://unsplash.com/@purzlbaum?utm_source=unsample&utm_medium=referral&utm_campaign=api-credit",
    "photo_url": "https://unsplash.com/photos/ClCRegiej2A?utm_source=unsample&utm_medium=referral&utm_campaign=api-credit"
  },
  "pYipyEWfdq0": {
    "user_name": "Michael Yuan",
    "user_url": "https://unsplash.com/@ilikecalculus?utm_source=unsample&utm_medium=referral&utm_campaign=api-credit",
    "photo_url": "https://unsplash.com/photos/pYipyEWfdq0?utm_source=unsample&utm_medium=referral&utm_campaign=api-credit"
  },
  "PWe5d_w5zh4": {
    "user_name": "Judeus Samson",
    "user_url": "https://unsplash.com/@shotbyjudeus?utm_source=unsample&utm_medium=referral&utm_campaign=api-credit",
    "photo_url": "https://unsplash.com/photos/PWe5d_w5zh4?utm_source=unsample&utm_medium=referral&utm_campaign=api-credit"
  },
  "pBNTUF7hZlk": {
    "user_name": "Max Anderson",
    "user_url": "https://unsplash.com/@max_anderson?utm_source=unsample&utm_medium=referral&utm_campaign=api-credit",
    "photo_url": "https://unsplash.com/photos/pBNTUF7hZlk?utm_source=unsample&utm_medium=referral&utm_campaign=api-credit"
  },
  "rNenIIkY9fw": {
    "user_name": "Ricardo Gomez Angel",
    "user_url": "https://unsplash.com/@ripato?utm_source=unsample&utm_medium=referral&utm_campaign=api-credit",
    "photo_url": "https://unsplash.com/photos/rNenIIkY9fw?utm_source=unsample&utm_medium=referral&utm_campaign=api-credit"
  },
  "nH4EDsnK6ts": {
    "user_name": "Casey Horner",
    "user_url": "https://unsplash.com/@mischievous_penguins?utm_source=unsample&utm_medium=referral&utm_campaign=api-credit",
    "photo_url": "https://unsplash.com/photos/nH4EDsnK6ts?utm_source=unsample&utm_medium=referral&utm_campaign=api-credit"
  },
  "ZLdWPHfzgT8": {
    "user_name": "Nick Fithen",
    "user_url": "https://unsplash.com/@nickfith?utm_source=unsample&utm_medium=referral&utm_campaign=api-credit",
    "photo_url": "https://unsplash.com/photos/ZLdWPHfzgT8?utm_source=unsample&utm_medium=referral&utm_campaign=api-credit"
  },
  "a0QjN9uW3Wc": {
    "user_name": "Emma Matthews Digital Content Production",
    "user_url": "https://unsplash.com/@emmamatthews?utm_source=unsample&utm_medium=referral&utm_campaign=api-credit",
    "photo_url": "https://unsplash.com/photos/a0QjN9uW3Wc?utm_source=unsample&utm_medium=referral&utm_campaign=api-credit"
  },
  "ZAbdSzJnFtQ": {
    "user_name": "AllGo - An App For Plus Size People",
    "user_url": "https://unsplash.com/@canweallgo?utm_source=unsample&utm_medium=referral&utm_campaign=api-credit",
    "photo_url": "https://unsplash.com/photos/ZAbdSzJnFtQ?utm_source=unsample&utm_medium=referral&utm_campaign=api-credit"
  },
  "8eSIZIQQdw8": {
    "user_name": "Jason Leung",
    "user_url": "https://unsplash.com/@ninjason?utm_source=unsample&utm_medium=referral&utm_campaign=api-credit",
    "photo_url": "https://unsplash.com/photos/8eSIZIQQdw8?utm_source=unsample&utm_medium=referral&utm_campaign=api-credit"
  },
  "dBHmpsU0kz8": {
    "user_name": "Daniel McCarthy @themccarthy",
    "user_url": "https://unsplash.com/@danielmccarthy?utm_source=unsample&utm_medium=referral&utm_campaign=api-credit",
    "photo_url": "https://unsplash.com/photos/dBHmpsU0kz8?utm_source=unsample&utm_medium=referral&utm_campaign=api-credit"
  },
  "6G9RMWqcOEA": {
    "user_name": "Patrick Hendry",
    "user_url": "https://unsplash.com/@worldsbetweenlines?utm_source=unsample&utm_medium=referral&utm_campaign=api-credit",
    "photo_url": "https://unsplash.com/photos/6G9RMWqcOEA?utm_source=unsample&utm_medium=referral&utm_campaign=api-credit"
  }
}